id,title_raw,url,quan_huyen,tinh_thanh,property_type,gia_thue_trieu_thang,dien_tich_m2,don_gia_nghin_m2,so_phong_ngu,so_toilet,has_wc_rieng,has_gac_lung,has_may_lanh,gio_tu_do,cho_nau_an,is_full_furniture,source_flag
1,Cho Thuê Phòng Cao Cấp Đầy Đủ Tiện Nghi Tại Q9 2tr7,https://nhadat.cafeland.vn/cho-thue-phong-cao-cap-day-du-tien-nghi-tai-q9-2tr7-3179272.html,TP. Thủ Đức,TP. Hồ Chí Minh,phong_tro_ktx,2.7,18.0,150.0,1,1,1,1,1,1,1,1,DONE_REGEX
2,Cho thuê phòng trọ đường 22 sau căn hộ 4S Linh Đông Thủ Đức,https://nhadat.cafeland.vn/cho-thue-phong-tro-duong-22-sau-can-ho-4s-linh-dong-thu-duc-2479238.html,TP. Thủ Đức,TP. Hồ Chí Minh,phong_tro_ktx,4.0,25.0,160.0,1,1,1,1,1,1,1,0,DONE_REGEX
3,Cho thuê phòng Bình Thạnh giáp trung tâm Q1,https://nhadat.cafeland.vn/cho-thue-phong-binh-thanh-giap-trung-tam-q1-2936365.html,Quận 1,TP. Hồ Chí Minh,phong_tro_ktx,6.5,35.0,185.71,1,1,1,0,0,1,1,0,SKIP_NON_RENTAL
5,"Bancol lầu 1- 29m2- 223/ bà hạt ngay nguyễn tri phương- 6,5tr/th",https://nhadat.cafeland.vn/bancol-lau-1-29m2-223-ba-hat-ngay-nguyen-tri-phuong-65trth-2936526.html,Khác,TP. Hồ Chí Minh,phong_tro_ktx,6.5,29.0,224.14,1,1,1,0,0,1,1,0,SKIP_NON_RENTAL
8,"PHÒNG 15M2- FREE XE- FREE ĐIỆN NC NẤU ĂN- CÓ NGƯỜI LAU CHÙI HÀNG TUẦN- 3,2TR/TH",https://nhadat.cafeland.vn/phong-15m2-free-xe-free-dien-nc-nau-an-co-nguoi-lau-chui-hang-tuan-32trth-2486212.html,Bình Thạnh,TP. Hồ Chí Minh,phong_tro_ktx,3.2,15.0,213.33,1,1,1,0,0,1,1,0,SKIP_NON_RENTAL
9,"Phòng trọ: Chỉ từ 1.600.000 Giá Đã Bao Gồm Tất Cả Các Chi Phí, Không Phát Sinh",https://nhadat.cafeland.vn/phong-tro-chi-tu-1600000-gia-da-bao-gom-tat-ca-cac-chi-phi-khong-phat-sinh-3189201.html,Khác,TP. Hồ Chí Minh,phong_tro_ktx,1.6,120.0,13.33,1,1,0,0,1,1,1,1,RESOLVED_LLM
10,"STUDIO LẦU 1- BANCOL LỚN- 30M2- FULL NỘI THẤT- 6,5TR/TH",https://nhadat.cafeland.vn/studio-lau-1-bancol-lon-30m2-full-noi-that-65trth-2933929.html,Khác,TP. Hồ Chí Minh,can_ho,6.5,30.0,216.67,1,2,1,0,1,1,1,1,DONE_REGEX
11,"137 TRẦN ĐÌNH XU,Q1- STUDIO TÁCH BẾP- 30M2- FULL NT- CÓ BANCOL- GIÁ: 5TR/TH",https://nhadat.cafeland.vn/137-tran-dinh-xuq1-studio-tach-bep-30m2-full-nt-co-bancol-gia-5trth-2285562.html,Quận 1,TP. Hồ Chí Minh,can_ho,5.0,30.0,166.67,1,1,1,0,0,1,1,1,RESOLVED_LLM
12,1PN TÁCH BẾP - BANCOL LỚN- NGAY ĐẠI HỌC SÀI GÒN- 5 TR/TH,https://nhadat.cafeland.vn/1pn-tach-bep-bancol-lon-ngay-dai-hoc-sai-gon-5-trth-2289815.html,Khác,TP. Hồ Chí Minh,can_ho,5.0,30.0,166.67,1,1,1,0,0,1,1,1,RESOLVED_LLM
13,Cho thuê phòng trọ gần chợ Bà Chiểu đường Trần Văn Kỷ Bình Thạnh,https://nhadat.cafeland.vn/cho-thue-phong-tro-gan-cho-ba-chieu-duong-tran-van-ky-binh-thanh-2823961.html,Bình Thạnh,TP. Hồ Chí Minh,phong_tro_ktx,3.8,15.0,253.33,1,1,1,0,1,1,1,0,DONE_REGEX
14,Phòng trọ: Ktx Cao Cấp Phú Nhuận Bao Trọn Chi Phí 1TR6,https://nhadat.cafeland.vn/phong-tro-ktx-cao-cap-phu-nhuan-bao-tron-chi-phi-1tr6-3189199.html,Phú Nhuận,TP. Hồ Chí Minh,phong_tro_ktx,1.6,120.0,13.33,1,1,0,0,1,1,1,1,RESOLVED_LLM
15,Phòng trọ: Ký túc xá Phú Nhuận 1tr6 sạch – tự do - thoải mái,https://nhadat.cafeland.vn/phong-tro-ky-tuc-xa-phu-nhuan-1tr6-sach-tu-do-thoai-mai-3189200.html,Phú Nhuận,TP. Hồ Chí Minh,phong_tro_ktx,1.6,120.0,13.33,1,1,0,0,1,1,1,1,RESOLVED_LLM
16,Phòng trọ: Phú Nhuận Ký Túc Xá Tư Nhân Bao Trọn Chi Phí Chỉ Từ 1Tr6,https://nhadat.cafeland.vn/phong-tro-phu-nhuan-ky-tuc-xa-tu-nhan-bao-tron-chi-phi-chi-tu-1tr6-3189198.html,Phú Nhuận,TP. Hồ Chí Minh,phong_tro_ktx,1.6,120.0,13.33,1,1,0,0,1,1,1,1,RESOLVED_LLM
17,Phòng trọ: Phòng Gác Lửng Ban Công Thoáng Gần Đại Học Văn Hiến,https://nhadat.cafeland.vn/phong-tro-phong-gac-lung-ban-cong-thoang-gan-dai-hoc-van-hien-3189053.html,Tân Phú,TP. Hồ Chí Minh,phong_tro_ktx,3.8,30.0,126.67,1,1,1,1,1,1,1,1,DONE_REGEX
18,"Phòng trọ: Phòng Gác Lửng Đón Nắng, An Ninh Ngay Cầu Thị Nghè",https://nhadat.cafeland.vn/phong-tro-phong-gac-lung-don-nang-an-ninh-ngay-cau-thi-nghe-3188773.html,Khác,TP. Hồ Chí Minh,phong_tro_ktx,4.8,30.0,160.0,1,1,1,1,1,1,1,1,DONE_REGEX
19,Phòng trọ: Phòng Gác Lửng Thoáng Rộng Gần Đại Học Ngoại Thương,https://nhadat.cafeland.vn/phong-tro-phong-gac-lung-thoang-rong-gan-dai-hoc-ngoai-thuong-3188576.html,Bình Thạnh,TP. Hồ Chí Minh,phong_tro_ktx,5.2,30.0,173.33,1,1,1,1,1,1,1,1,DONE_REGEX
20,"Phòng trọ: Căn hộ 2PN 2WC ngay trung tâm Quận 10 gần ĐH Huflit, UEH",https://nhadat.cafeland.vn/phong-tro-can-ho-2pn-2wc-ngay-trung-tam-quan-10-gan-dh-huflit-ueh-3188557.html,Quận 10,TP. Hồ Chí Minh,phong_tro_ktx,9.5,80.0,118.75,2,2,1,0,0,1,1,1,DONE_REGEX
21,Phòng trọ: Phòng Gác Lửng Thoáng Rộng Gần Đại Học Ngoại Thương,https://nhadat.cafeland.vn/phong-tro-phong-gac-lung-thoang-rong-gan-dai-hoc-ngoai-thuong-3188580.html,Bình Thạnh,TP. Hồ Chí Minh,phong_tro_ktx,5.2,35.0,148.57,1,1,1,1,1,1,1,1,DONE_REGEX
22,"Phòng trọ: Cho Thuê Trọ Ký Túc Xá Khu Chế Xuất Q7, ĐH UFM chỉ 1tr5 Bao trọn gói",https://nhadat.cafeland.vn/phong-tro-cho-thue-tro-ky-tuc-xa-khu-che-xuat-q7-dh-ufm-chi-1tr5-bao-tron-goi-3188749.html,Quận 7,TP. Hồ Chí Minh,phong_tro_ktx,1.4,25.0,56.0,1,1,1,0,1,1,1,0,DONE_REGEX
23,Phòng trọ: Phòng Thoáng Mới Xây Gần Bệnh Viện Chấn Thương Chỉnh Hình Q5,https://nhadat.cafeland.vn/phong-tro-phong-thoang-moi-xay-gan-benh-vien-chan-thuong-chinh-hinh-q5-3188581.html,Quận 5,TP. Hồ Chí Minh,phong_tro_ktx,5.2,30.0,173.33,1,1,1,0,1,1,1,0,DONE_REGEX
24,Phòng trọ: Ở ghép Q1 Cách Bến Thành 500m chỉ 1tr4 trọn gói,https://nhadat.cafeland.vn/phong-tro-o-ghep-q1-cach-ben-thanh-500m-chi-1tr4-tron-goi-3188561.html,Quận 1,TP. Hồ Chí Minh,phong_tro_ktx,1.4,20.0,70.0,1,1,0,0,1,1,1,1,RESOLVED_LLM
25,"Phòng trọ: Cho thuê phòng Trọ Sleepbox gần ÂU Cơ - Đại Học Văn Hiến, tiện nghi",https://nhadat.cafeland.vn/phong-tro-cho-thue-phong-tro-sleepbox-gan-au-co-dai-hoc-van-hien-tien-nghi-3188746.html,Tân Phú,TP. Hồ Chí Minh,phong_tro_ktx,1.7,25.0,68.0,1,1,1,0,1,1,1,0,DONE_REGEX
26,Cho thuê căn 1PN The Galleria - full nội thất - 32 triệu/tháng,https://nhadat.cafeland.vn/cho-thue-can-1pn-the-galleria-full-noi-that-32-trieuthang-3179257.html,TP. Thủ Đức,TP. Hồ Chí Minh,can_ho,35.0,50.0,700.0,1,1,1,0,0,1,1,1,RESOLVED_LLM
27,"Phòng trọ: Phòng Trọ Sleepbox 1tr2 trọn gói đường Lê Văn Việt, Tăng Nhơn Phú",https://nhadat.cafeland.vn/phong-tro-phong-tro-sleepbox-1tr2-tron-goi-duong-le-van-viet-tang-nhon-phu-3188739.html,Tân Phú,TP. Hồ Chí Minh,phong_tro_ktx,1.2,25.0,48.0,1,1,0,0,1,1,1,1,RESOLVED_LLM
28,"Cho thuê Celesta Rise,79 m2, 2PN, 2WC, Gía 20Tr/Tháng Nhà Đẹp,Mới LH: 0906233195",https://nhadat.cafeland.vn/cho-thue-celesta-rise79-m2-2pn-2wc-gia-20trthang-nha-depmoi-lh-0906233195-3179297.html,Nhà Bè,TP. Hồ Chí Minh,can_ho,20.0,79.0,253.16,2,2,1,0,1,1,1,1,DONE_REGEX
29,CHO THUÊ CĂN 3PN MCP FULL NỘI THẤT - VIEW TRỰC DIỆN CÔNG VIÊN.,https://nhadat.cafeland.vn/cho-thue-can-3pn-mcp-full-noi-that-view-truc-dien-cong-vien-3179953.html,Khác,TP. Hồ Chí Minh,can_ho,23.0,100.0,230.0,1,1,1,0,0,1,1,0,SKIP_NON_RENTAL
30,Cho thuê rẻ CHCC 2PN Empire City 90m2 full nội thất Quận 2 TP.HCM,https://nhadat.cafeland.vn/cho-thue-re-chcc-2pn-empire-city-90m2-full-noi-that-quan-2-tphcm-2278151.html,TP. Thủ Đức,TP. Hồ Chí Minh,can_ho,33.0,90.0,366.67,2,2,1,0,0,1,1,1,DONE_REGEX
33,"Căn góc Bcons 2 phòng ngủ đều có view đẹp giá chỉ 6tr/tháng, ngay làng đại học",https://nhadat.cafeland.vn/can-goc-bcons-2-phong-ngu-deu-co-view-dep-gia-chi-6trthang-ngay-lang-dai-hoc-2932180.html,Khác,TP. Hồ Chí Minh,can_ho,6.0,60.0,100.0,2,2,1,0,0,1,1,0,DONE_REGEX
34,Cho thuê căn hộ Moonlight Park View 2PN full nội thất 12trieu nhận nhà ở ngay,https://nhadat.cafeland.vn/cho-thue-can-ho-moonlight-park-view-2pn-full-noi-that-12trieu-nhan-nha-o-ngay-2812744.html,Bình Tân,TP. Hồ Chí Minh,can_ho,12.0,60.0,200.0,2,1,1,0,0,1,1,1,DONE_REGEX
35,Cho thuê căn hộ đẹp view sông 4S. Đường Phạm Văn Đồng gần đại học Luật. 70m2,https://nhadat.cafeland.vn/cho-thue-can-ho-dep-view-song-4s-duong-pham-van-dong-gan-dai-hoc-luat-70m2-2280349.html,Khác,TP. Hồ Chí Minh,can_ho,13.0,70.0,185.71,2,2,1,0,1,1,1,0,DONE_REGEX
36,"Cho thuê căn hộ lầu 1 chung cư số 46/28 đường Nguyễn Cửu Vân,",https://nhadat.cafeland.vn/cho-thue-can-ho-lau-1-chung-cu-so-4628-duong-nguyen-cuu-van-2832605.html,Khác,TP. Hồ Chí Minh,can_ho,8.0,70.0,114.29,2,1,1,0,1,1,1,0,DONE_REGEX
39,"Cho thuê căn hộ The Infiniti Riviera Point Q7, căn góc, tầng cao, full nội thất",https://nhadat.cafeland.vn/cho-thue-can-ho-the-infiniti-riviera-point-q7-can-goc-tang-cao-full-noi-that-2488423.html,Quận 7,TP. Hồ Chí Minh,can_ho,25.0,82.0,304.88,2,2,1,0,0,1,1,1,DONE_REGEX
44,NHÀ 4 TẦNG QUẬN 5 – 3PN – FULL TIỆN ÍCH – CHỈ 17TR/THÁNG,https://nhadat.cafeland.vn/nha-4-tang-quan-5-3pn-full-tien-ich-chi-17trthang-3179939.html,Quận 5,TP. Hồ Chí Minh,nha_nguyen_can,17.0,27.0,629.63,2,1,1,0,0,1,1,0,SKIP_NON_RENTAL
45,"Cho thuê nguyên căn hẻm 6m số 253 hà tôn quyền xát 3/2- 4tầng- ngang 4m- 13,5 tr",https://nhadat.cafeland.vn/cho-thue-nguyen-can-hem-6m-so-253-ha-ton-quyen-xat-32-4tang-ngang-4m-135-tr-2976744.html,Quận 10,TP. Hồ Chí Minh,nha_nguyen_can,13.5,50.0,270.0,2,1,1,1,0,1,1,0,RESOLVED_LLM
47,Cho thuê nhà 383 đường Huỳnh Tấn Phát Quận 7,https://nhadat.cafeland.vn/cho-thue-nha-383-duong-huynh-tan-phat-quan-7-2932550.html,Quận 7,TP. Hồ Chí Minh,nha_nguyen_can,25.0,99.0,252.53,2,1,1,0,0,1,1,0,DONE_REGEX
48,"Cho thuê nhà nguyên căn DT: 100m2, 3PN đường Nguyễn Thị Định, P. Cát Lái",https://nhadat.cafeland.vn/cho-thue-nha-nguyen-can-dt-100m2-3pn-duong-nguyen-thi-dinh-p-cat-lai-2826098.html,Khác,TP. Hồ Chí Minh,nha_nguyen_can,8.0,100.0,80.0,3,2,1,0,0,1,1,0,DONE_REGEX
50,"Cho thuê nhà nguyên căn Nguyễn Xí, 2 tầng, đẹp, chắc chắn",https://nhadat.cafeland.vn/cho-thue-nha-nguyen-can-nguyen-xi-2-tang-dep-chac-chan-2555395.html,Khác,TP. Hồ Chí Minh,nha_nguyen_can,13.5,43.0,313.95,2,2,1,0,0,1,1,0,DONE_REGEX
